id_pasien,x,y,umur_tahun,jenis_kelamin,riwayat_kontak_tb,durasi_batuk_hari,keringat_malam,penurunan_berat_badan,demam_berkepanjangan,merokok,diabetes,kepadatan_hunian,ventilasi_rumah,status_gizi,tb_terkonfirmasi
TB001,20.8,26.6,50,L,Ya,46,Ya,Ya,Tidak,Tidak,Ya,Tinggi,Sedang,Normal,1
TB002,69.5,20.0,72,P,Tidak,0,Tidak,Tidak,Tidak,Tidak,Tidak,Rendah,Buruk,Normal,0
TB003,36.5,75.4,30,P,Ya,32,Tidak,Tidak,Tidak,Tidak,Tidak,Sedang,Sedang,Normal,1
TB004,68.6,78.0,61,L,Tidak,6,Tidak,Tidak,Tidak,Tidak,Tidak,Rendah,Baik,Normal,0
TB005,23.3,35.0,22,L,Tidak,2,Tidak,Tidak,Tidak,Ya,Tidak,Tinggi,Sedang,Normal,0
TB006,72.2,38.3,48,P,Tidak,54,Ya,Tidak,Tidak,Tidak,Tidak,Sedang,Baik,Normal,1
TB007,19.9,80.1,74,P,Tidak,0,Tidak,Ya,Tidak,Tidak,Tidak,Tinggi,Baik,Normal,0
TB008,71.0,51.0,37,L,Tidak,5,Ya,Tidak,Tidak,Tidak,Tidak,Sedang,Sedang,Kurang,0
TB009,24.1,22.5,45,L,Ya,5,Tidak,Tidak,Tidak,Tidak,Tidak,Sedang,Baik,Normal,0
TB010,72.4,15.8,54,P,Tidak,5,Ya,Tidak,Ya,Tidak,Ya,Sedang,Sedang,Normal,0
TB011,29.8,73.8,57,L,Tidak,13,Tidak,Ya,Tidak,Tidak,Tidak,Rendah,Sedang,Kurang,0
TB012,67.0,76.1,21,L,Ya,43,Ya,Tidak,Ya,Ya,Tidak,Tinggi,Buruk,Normal,1
TB013,28.5,20.3,21,L,Tidak,0,Tidak,Tidak,Tidak,Ya,Tidak,Tinggi,Buruk,Normal,0
TB014,69.3,40.1,77,L,Ya,47,Ya,Tidak,Ya,Tidak,Ya,Rendah,Baik,Normal,1
TB015,32.2,82.9,45,P,Ya,0,Tidak,Tidak,Tidak,Tidak,Tidak,Tinggi,Baik,Normal,0
TB016,71.8,66.0,55,L,Ya,18,Tidak,Ya,Ya,Ya,Tidak,Sedang,Sedang,Normal,1
TB017,28.3,17.2,16,P,Tidak,2,Tidak,Tidak,Tidak,Tidak,Tidak,Rendah,Buruk,Kurang,0
TB018,71.2,37.2,21,L,Tidak,41,Ya,Ya,Tidak,Ya,Tidak,Tinggi,Baik,Lebih,1
TB019,26.4,68.8,19,P,Tidak,3,Tidak,Tidak,Tidak,Tidak,Tidak,Rendah,Baik,Kurang,0
TB020,88.1,69.8,45,L,Tidak,0,Tidak,Tidak,Tidak,Ya,Tidak,Tinggi,Buruk,Normal,0
TB021,25.6,23.6,73,P,Tidak,3,Tidak,Tidak,Tidak,Ya,Tidak,Tinggi,Baik,Normal,0
TB022,87.9,42.1,37,P,Ya,3,Ya,Tidak,Ya,Tidak,Tidak,Sedang,Baik,Lebih,1
TB023,36.9,68.5,40,P,Tidak,0,Tidak,Tidak,Tidak,Tidak,Tidak,Tinggi,Buruk,Normal,0
TB024,71.0,65.3,37,P,Tidak,4,Tidak,Tidak,Tidak,Tidak,Tidak,Tinggi,Baik,Normal,0
TB025,18.5,22.5,57,L,Tidak,4,Tidak,Tidak,Tidak,Ya,Tidak,Tinggi,Sedang,Normal,0
TB026,66.0,33.4,33,L,Tidak,21,Tidak,Tidak,Tidak,Tidak,Tidak,Tinggi,Buruk,Kurang,0
TB027,18.0,71.0,55,P,Tidak,10,Tidak,Tidak,Tidak,Tidak,Tidak,Tinggi,Sedang,Lebih,0
TB028,69.1,72.6,71,L,Tidak,0,Tidak,Tidak,Tidak,Tidak,Ya,Rendah,Baik,Normal,0
TB029,24.2,36.0,17,P,Tidak,5,Tidak,Tidak,Tidak,Tidak,Tidak,Tinggi,Baik,Lebih,0
TB030,65.0,15.5,36,P,Tidak,43,Ya,Ya,Ya,Tidak,Tidak,Tinggi,Sedang,Kurang,1
TB031,21.0,75.0,63,P,Tidak,8,Tidak,Tidak,Tidak,Tidak,Ya,Tinggi,Baik,Normal,0
TB032,75.5,73.5,34,L,Ya,21,Tidak,Ya,Ya,Ya,Tidak,Tinggi,Sedang,Kurang,1
TB033,5.8,19.3,63,P,Tidak,11,Tidak,Ya,Tidak,Tidak,Tidak,Rendah,Sedang,Kurang,0
TB034,70.4,25.4,58,L,Tidak,30,Tidak,Tidak,Tidak,Tidak,Tidak,Tinggi,Baik,Kurang,0
TB035,19.5,73.9,49,P,Tidak,4,Tidak,Tidak,Tidak,Tidak,Tidak,Tinggi,Baik,Normal,0
TB036,74.7,78.5,50,L,Tidak,10,Ya,Tidak,Tidak,Tidak,Tidak,Rendah,Baik,Normal,0
TB037,18.3,37.9,75,P,Tidak,21,Tidak,Tidak,Tidak,Tidak,Tidak,Tinggi,Baik,Normal,1
TB038,76.7,40.2,50,P,Tidak,17,Ya,Tidak,Ya,Tidak,Tidak,Tinggi,Baik,Kurang,1
TB039,34.3,66.2,16,P,Tidak,0,Tidak,Ya,Tidak,Tidak,Tidak,Sedang,Baik,Lebih,0
TB040,68.7,69.4,46,L,Tidak,0,Tidak,Tidak,Tidak,Tidak,Tidak,Sedang,Sedang,Normal,0
TB041,27.2,26.2,42,P,Tidak,0,Tidak,Tidak,Ya,Ya,Ya,Rendah,Baik,Normal,0
TB042,72.7,34.2,40,P,Ya,5,Tidak,Tidak,Tidak,Tidak,Tidak,Rendah,Baik,Normal,0
TB043,26.6,82.9,71,L,Tidak,14,Tidak,Tidak,Ya,Tidak,Ya,Tinggi,Sedang,Normal,0
TB044,75.4,63.0,71,P,Ya,24,Ya,Tidak,Ya,Tidak,Ya,Sedang,Sedang,Normal,1
TB045,35.8,23.0,19,P,Ya,7,Ya,Ya,Ya,Tidak,Tidak,Rendah,Baik,Kurang,1
TB046,72.5,16.8,21,L,Ya,0,Ya,Tidak,Tidak,Tidak,Tidak,Rendah,Baik,Normal,0
TB047,30.1,69.7,30,L,Tidak,0,Tidak,Tidak,Tidak,Ya,Tidak,Tinggi,Sedang,Lebih,0
TB048,87.5,77.8,68,P,Tidak,4,Tidak,Tidak,Tidak,Tidak,Tidak,Sedang,Buruk,Normal,0
TB049,8.7,41.0,39,L,Tidak,4,Ya,Tidak,Tidak,Ya,Tidak,Rendah,Buruk,Kurang,0
TB050,83.1,16.1,71,L,Tidak,3,Tidak,Tidak,Tidak,Tidak,Tidak,Sedang,Sedang,Normal,0
TB051,22.9,77.8,77,L,Tidak,6,Tidak,Tidak,Ya,Ya,Tidak,Rendah,Sedang,Normal,0
TB052,76.9,65.6,62,P,Ya,5,Tidak,Tidak,Tidak,Tidak,Tidak,Sedang,Sedang,Normal,0
TB053,10.5,31.0,74,P,Tidak,0,Tidak,Tidak,Tidak,Tidak,Tidak,Rendah,Sedang,Normal,0
TB054,62.6,23.4,52,L,Tidak,45,Tidak,Tidak,Tidak,Tidak,Tidak,Sedang,Baik,Kurang,1
TB055,29.8,87.3,43,L,Tidak,7,Ya,Tidak,Tidak,Tidak,Tidak,Sedang,Sedang,Normal,0
TB056,81.0,68.2,68,L,Ya,7,Tidak,Ya,Tidak,Tidak,Tidak,Tinggi,Buruk,Normal,1
TB057,25.0,19.5,24,L,Tidak,0,Tidak,Tidak,Tidak,Tidak,Tidak,Rendah,Sedang,Kurang,0
TB058,67.0,18.6,62,L,Tidak,28,Tidak,Tidak,Tidak,Tidak,Tidak,Sedang,Sedang,Normal,0
TB059,34.4,70.7,78,L,Ya,11,Tidak,Tidak,Tidak,Tidak,Tidak,Tinggi,Baik,Kurang,0
TB060,81.0,69.6,62,L,Tidak,0,Tidak,Tidak,Tidak,Ya,Tidak,Tinggi,Buruk,Normal,0
TB061,26.6,31.0,17,L,Tidak,11,Tidak,Tidak,Tidak,Tidak,Tidak,Rendah,Baik,Normal,0
TB062,66.7,24.3,33,L,Tidak,0,Ya,Tidak,Tidak,Tidak,Tidak,Tinggi,Baik,Normal,0
TB063,27.8,63.9,61,L,Tidak,15,Tidak,Tidak,Ya,Tidak,Tidak,Rendah,Sedang,Kurang,0
TB064,73.0,63.6,25,P,Tidak,5,Tidak,Tidak,Ya,Tidak,Tidak,Rendah,Baik,Normal,0
TB065,12.8,14.5,42,P,Tidak,25,Tidak,Tidak,Ya,Tidak,Tidak,Rendah,Baik,Normal,0
TB066,79.3,32.3,62,L,Tidak,15,Tidak,Tidak,Tidak,Ya,Ya,Sedang,Sedang,Normal,0
TB067,30.7,84.4,43,L,Tidak,5,Tidak,Tidak,Ya,Ya,Tidak,Sedang,Baik,Normal,0
TB068,73.0,85.4,58,P,Ya,27,Ya,Ya,Ya,Tidak,Ya,Tinggi,Sedang,Normal,1
TB069,19.3,34.6,25,L,Ya,9,Ya,Tidak,Tidak,Ya,Tidak,Tinggi,Baik,Normal,0
TB070,68.0,19.7,54,L,Ya,0,Tidak,Tidak,Tidak,Ya,Tidak,Tinggi,Baik,Kurang,0
TB071,25.3,64.0,60,L,Tidak,0,Tidak,Tidak,Tidak,Tidak,Ya,Tinggi,Sedang,Normal,0
TB072,83.4,69.1,61,L,Tidak,0,Tidak,Tidak,Tidak,Tidak,Ya,Rendah,Sedang,Kurang,0
TB073,23.2,20.7,33,L,Ya,10,Tidak,Tidak,Tidak,Ya,Tidak,Rendah,Baik,Normal,0
TB074,61.6,23.5,56,P,Ya,0,Tidak,Tidak,Tidak,Tidak,Tidak,Rendah,Sedang,Normal,0
TB075,31.4,72.5,64,P,Tidak,46,Ya,Ya,Ya,Ya,Tidak,Tinggi,Sedang,Normal,1
TB076,80.9,67.7,25,L,Ya,4,Ya,Tidak,Tidak,Tidak,Tidak,Tinggi,Buruk,Normal,0
TB077,17.1,37.0,64,P,Ya,4,Tidak,Tidak,Ya,Tidak,Tidak,Tinggi,Buruk,Normal,1
TB078,56.4,17.4,54,P,Tidak,1,Ya,Tidak,Tidak,Tidak,Tidak,Sedang,Baik,Lebih,0
TB079,20.6,84.4,39,L,Tidak,7,Tidak,Tidak,Tidak,Tidak,Tidak,Rendah,Baik,Normal,0
TB080,80.2,83.1,36,P,Ya,0,Tidak,Tidak,Tidak,Tidak,Tidak,Sedang,Buruk,Kurang,0
TB081,8.9,42.3,71,P,Tidak,7,Tidak,Tidak,Tidak,Tidak,Tidak,Tinggi,Sedang,Normal,0
TB082,75.9,22.7,35,P,Tidak,1,Tidak,Tidak,Ya,Tidak,Tidak,Sedang,Buruk,Kurang,0
TB083,29.1,79.9,27,P,Tidak,14,Ya,Tidak,Tidak,Tidak,Tidak,Rendah,Baik,Normal,0
TB084,85.2,68.0,69,L,Tidak,45,Ya,Ya,Ya,Ya,Tidak,Rendah,Baik,Normal,1
TB085,22.2,32.4,69,L,Tidak,46,Tidak,Ya,Ya,Tidak,Ya,Rendah,Sedang,Lebih,1
TB086,73.7,26.3,64,P,Ya,0,Tidak,Tidak,Tidak,Tidak,Tidak,Rendah,Buruk,Normal,0
TB087,33.9,62.4,76,L,Tidak,1,Tidak,Tidak,Tidak,Tidak,Tidak,Rendah,Buruk,Normal,0
TB088,75.1,66.8,60,L,Tidak,4,Tidak,Tidak,Tidak,Tidak,Tidak,Sedang,Baik,Kurang,0
TB089,26.1,15.8,25,P,Tidak,0,Tidak,Tidak,Tidak,Tidak,Tidak,Tinggi,Sedang,Kurang,0
TB090,81.4,22.2,70,P,Tidak,7,Tidak,Tidak,Tidak,Tidak,Tidak,Tinggi,Baik,Normal,0
TB091,29.0,84.5,61,P,Tidak,2,Tidak,Tidak,Ya,Tidak,Tidak,Rendah,Baik,Normal,0
TB092,74.2,62.6,64,L,Ya,1,Tidak,Tidak,Ya,Tidak,Tidak,Rendah,Sedang,Lebih,0
TB093,15.6,13.9,55,P,Tidak,2,Tidak,Tidak,Tidak,Tidak,Tidak,Sedang,Baik,Kurang,0
TB094,72.5,26.2,62,P,Tidak,10,Ya,Tidak,Tidak,Tidak,Tidak,Sedang,Sedang,Lebih,0
TB095,16.5,76.7,59,L,Tidak,1,Tidak,Tidak,Tidak,Ya,Tidak,Tinggi,Sedang,Normal,0
TB096,78.0,91.2,51,L,Ya,0,Tidak,Tidak,Tidak,Ya,Tidak,Sedang,Sedang,Normal,0
TB097,24.1,26.9,18,L,Ya,4,Tidak,Tidak,Tidak,Tidak,Tidak,Sedang,Sedang,Normal,0
TB098,64.7,32.9,22,L,Tidak,10,Tidak,Tidak,Tidak,Tidak,Tidak,Sedang,Baik,Kurang,0
TB099,34.3,79.1,33,L,Ya,0,Tidak,Tidak,Tidak,Tidak,Tidak,Tinggi,Buruk,Lebih,0
TB100,81.8,65.5,26,P,Tidak,0,Ya,Tidak,Tidak,Tidak,Tidak,Tinggi,Baik,Normal,0
